driver_id,driver_experience_years,license_type,employment_type,monthly_salary,shift_type,driver_status
D001,1,LMV,Contract,27844,Night,Active
D002,2,Transport,Full-time,25243,Morning,Active
D003,1,Transport,Contract,25359,Afternoon,Active
D004,6,Transport,Part-time,36685,Night,Active
D005,4,LMV,Full-time,30160,Morning,Active
D006,14,Transport,Full-time,60258,Afternoon,Active
D007,5,Transport,Full-time,34265,Afternoon,Active
D008,9,Heavy,Part-time,45759,Morning,Active
D009,1,LMV,Full-time,27341,Morning,Active
D010,0,Transport,Full-time,22038,Morning,Active
D011,4,Heavy,Full-time,30544,Morning,Active
D012,3,LMV,Contract,32875,Morning,Active
D013,7,Heavy,Full-time,37256,Night,Active
D014,0,Transport,Contract,24990,Morning,Active
D015,6,LMV,Part-time,43697,Afternoon,Active
D016,0,LMV,Full-time,24196,Morning,Active
D017,5,Transport,Full-time,31468,Night,Active
D018,7,LMV,Part-time,43165,Morning,Active
D019,8,Transport,Full-time,46900,Afternoon,Active
D020,3,LMV,Contract,35805,Night,Active
D021,3,Transport,Full-time,34023,Night,Active
D022,2,LMV,Full-time,22301,Morning,Active
D023,6,Heavy,Contract,43527,Night,Active
D024,0,Heavy,Full-time,22646,Afternoon,Active
D025,0,Heavy,Full-time,26758,Afternoon,Active
D026,5,Transport,Full-time,34379,Morning,Active
D027,4,LMV,Full-time,29759,Morning,Inactive
D028,0,Transport,Full-time,26351,Afternoon,Active
D029,4,LMV,Full-time,28597,Afternoon,Active
D030,2,LMV,Part-time,22661,Afternoon,Active
D031,4,LMV,Full-time,32330,Afternoon,Active
D032,4,Transport,Full-time,29368,Night,Active
D033,3,Transport,Full-time,30581,Morning,Active
D034,9,Transport,Contract,43003,Afternoon,Active
D035,9,Transport,Full-time,39537,Morning,Active
D036,7,LMV,Part-time,40558,Night,Active
D037,14,Heavy,Full-time,63921,Afternoon,Active
D038,0,Transport,Full-time,25678,Night,Active
D039,3,Transport,Full-time,29486,Morning,Active
D040,5,LMV,Full-time,32082,Morning,Active
D041,5,Transport,Full-time,33526,Morning,Active
D042,0,Transport,Full-time,26183,Morning,Active
D043,9,LMV,Contract,44652,Morning,Active
D044,8,LMV,Full-time,46517,Night,Active
D045,4,Transport,Full-time,31754,Morning,Active
D046,5,Transport,Full-time,30468,Morning,Active
D047,3,LMV,Contract,29724,Night,Leave
D048,4,Heavy,Full-time,29376,Afternoon,Active
D049,9,LMV,Full-time,46935,Night,Active
D050,6,Transport,Full-time,44706,Morning,Active
D051,17,Heavy,Contract,56894,Afternoon,Active
D052,4,Transport,Full-time,29653,Morning,Active
D053,3,Transport,Full-time,30066,Morning,Leave
D054,2,Transport,Contract,22022,Night,Active
D055,7,LMV,Contract,38460,Morning,Active
D056,0,Heavy,Full-time,27149,Afternoon,Active
D057,9,Transport,Contract,41926,Afternoon,Active
D058,5,Heavy,Full-time,34251,Morning,Active
D059,17,LMV,Full-time,57496,Night,Active
D060,4,LMV,Full-time,35295,Morning,Active
D061,18,LMV,Full-time,51300,Afternoon,Active
D062,6,Transport,Full-time,42279,Night,Inactive
D063,10,Transport,Part-time,44553,Afternoon,Active
D064,1,Heavy,Full-time,25727,Night,Active
D065,2,Transport,Full-time,27995,Morning,Active
D066,10,Heavy,Full-time,45476,Afternoon,Active
D067,9,LMV,Part-time,36514,Morning,Leave
D068,9,Heavy,Full-time,36448,Afternoon,Active
D069,4,Transport,Full-time,34019,Night,Active
D070,3,Transport,Full-time,35271,Morning,Active
D071,2,Heavy,Full-time,27602,Afternoon,Leave
D072,0,Transport,Part-time,27343,Morning,Active
D073,4,Transport,Part-time,29855,Afternoon,Active
D074,4,LMV,Full-time,32969,Afternoon,Active
D075,5,LMV,Part-time,31562,Night,Leave
D076,9,Heavy,Full-time,38520,Afternoon,Active
D077,7,Transport,Contract,39081,Morning,Active
D078,3,Transport,Full-time,29428,Morning,Active
D079,1,Transport,Full-time,25967,Morning,Active
D080,4,LMV,Full-time,34445,Morning,Active
D081,8,LMV,Full-time,45114,Morning,Active
D082,9,Transport,Full-time,47329,Night,Active
D083,10,Transport,Full-time,38159,Afternoon,Active
D084,2,LMV,Full-time,27132,Afternoon,Active
D085,7,Transport,Contract,38547,Morning,Active
D086,12,LMV,Full-time,62933,Night,Active
D087,3,Transport,Full-time,30281,Afternoon,Active
D088,3,LMV,Part-time,30649,Morning,Active
D089,9,Transport,Full-time,44505,Afternoon,Active
D090,3,LMV,Full-time,30613,Afternoon,Active
D091,4,Transport,Full-time,31083,Morning,Active
D092,9,LMV,Contract,46448,Afternoon,Active
D093,3,LMV,Full-time,34093,Afternoon,Active
D094,10,Transport,Full-time,37037,Morning,Leave
D095,3,Transport,Contract,33752,Night,Active
D096,0,Transport,Part-time,25489,Night,Active
D097,0,LMV,Full-time,24634,Afternoon,Active
D098,3,Transport,Full-time,31983,Afternoon,Active
D099,14,Heavy,Full-time,49778,Afternoon,Active
D100,5,Transport,Contract,35902,Afternoon,Active
D101,3,LMV,Full-time,33110,Afternoon,Active
D102,1,Transport,Full-time,27189,Morning,Active
D103,8,LMV,Part-time,43378,Afternoon,Active
D104,3,LMV,Full-time,29124,Night,Active
D105,7,Heavy,Full-time,36697,Afternoon,Inactive
D106,1,LMV,Full-time,24179,Morning,Active
D107,18,Transport,Full-time,57596,Night,Active
D108,2,Transport,Full-time,27251,Morning,Active
D109,2,Transport,Full-time,23043,Morning,Active
D110,1,Transport,Full-time,23929,Morning,Active
D111,2,LMV,Full-time,23013,Morning,Active
D112,9,LMV,Part-time,36226,Night,Active
D113,5,Transport,Full-time,35321,Afternoon,Leave
D114,0,LMV,Part-time,23828,Morning,Active
D115,3,Transport,Full-time,35909,Night,Active
D116,4,LMV,Contract,33588,Night,Active
D117,5,LMV,Contract,32917,Night,Active
D118,10,Transport,Full-time,38023,Morning,Active
D119,5,LMV,Contract,32966,Afternoon,Active
D120,4,Transport,Contract,30452,Night,Active
D121,0,Transport,Full-time,24085,Night,Active
D122,7,Heavy,Full-time,41891,Morning,Active
D123,0,LMV,Full-time,26283,Morning,Active
D124,2,LMV,Contract,23080,Afternoon,Active
D125,5,LMV,Contract,33036,Night,Active
D126,2,Transport,Contract,24320,Afternoon,Active
D127,3,Transport,Full-time,31190,Afternoon,Active
D128,1,LMV,Contract,24630,Morning,Active
D129,3,Heavy,Full-time,30563,Afternoon,Active
D130,10,LMV,Full-time,39292,Night,Active
D131,0,Transport,Full-time,26621,Morning,Active
D132,2,Transport,Full-time,25586,Night,Active
D133,5,Heavy,Full-time,35895,Night,Active
D134,1,Transport,Full-time,26431,Morning,Active
D135,1,Heavy,Full-time,27174,Afternoon,Active
D136,3,LMV,Full-time,34643,Morning,Leave
D137,3,Heavy,Full-time,30947,Night,Active
D138,3,LMV,Full-time,31959,Afternoon,Active
D139,11,Heavy,Full-time,59005,Afternoon,Active
D140,11,Transport,Full-time,58775,Night,Active
D141,6,Heavy,Full-time,36161,Morning,Active
D142,9,Transport,Full-time,36593,Night,Active
D143,0,Transport,Full-time,25259,Afternoon,Active
D144,7,Transport,Full-time,47154,Morning,Active
D145,0,Transport,Full-time,25888,Afternoon,Active
D146,7,LMV,Full-time,39390,Night,Active
D147,4,LMV,Contract,33997,Morning,Active
D148,5,LMV,Full-time,34354,Night,Inactive
D149,10,LMV,Full-time,36663,Night,Active
D150,0,Heavy,Full-time,23132,Morning,Active
D151,3,LMV,Full-time,33195,Night,Active
D152,2,Heavy,Full-time,22541,Morning,Active
D153,10,LMV,Full-time,41433,Morning,Active
D154,8,LMV,Full-time,41093,Morning,Active
D155,0,Transport,Full-time,27236,Night,Active
D156,4,Transport,Full-time,30974,Afternoon,Active
D157,5,Transport,Contract,28867,Morning,Active
D158,13,Transport,Contract,64063,Afternoon,Active
D159,9,Transport,Contract,46258,Afternoon,Active
D160,4,LMV,Part-time,28431,Morning,Active
D161,1,Heavy,Full-time,26835,Night,Active
D162,7,Heavy,Full-time,41469,Night,Active
D163,0,Transport,Full-time,26278,Afternoon,Active
D164,0,LMV,Full-time,23206,Night,Active
D165,12,Transport,Contract,58720,Afternoon,Active
D166,1,LMV,Full-time,23169,Night,Leave
D167,0,LMV,Part-time,22830,Afternoon,Active
D168,4,LMV,Full-time,29651,Afternoon,Active
D169,5,Transport,Part-time,29136,Morning,Active
D170,15,Heavy,Full-time,57518,Night,Active
D171,2,Transport,Full-time,27066,Afternoon,Active
D172,16,Transport,Full-time,64184,Morning,Active
D173,5,Transport,Full-time,29019,Morning,Active
D174,4,LMV,Full-time,33237,Afternoon,Active
D175,2,Transport,Full-time,23836,Afternoon,Active
D176,1,Heavy,Contract,26256,Afternoon,Inactive
D177,0,LMV,Full-time,24448,Night,Active
D178,4,Heavy,Full-time,32293,Morning,Active
D179,3,Transport,Full-time,29283,Afternoon,Active
D180,1,Transport,Contract,22659,Morning,Active
