route_id,origin,destination,distance_km,road_type,road_condition,expected_travel_time_min
R001,North,Central,31,Urban,Average,50.6
R002,Central,South,74,Highway,Good,115.5
R003,West,North,53,Mixed,Good,76.7
R004,North,West,44,Urban,Good,66.0
R005,East,North,33,Highway,Average,58.8
R006,South,East,65,Highway,Good,103.0
R007,North,East,28,Highway,Average,42.8
R008,West,South,20,Urban,Average,31.7
R009,West,North,84,Urban,Good,142.8
R010,Central,South,59,Mixed,Average,88.7
R011,East,North,9,Mixed,Poor,12.9
R012,North,Central,50,Urban,Good,80.7
R013,East,West,82,Urban,Good,135.2
R014,Central,West,62,Urban,Average,103.6
R015,South,North,35,Urban,Average,61.1
R016,East,South,5,Highway,Good,7.6
R017,Central,East,6,Urban,Good,8.3
R018,North,West,6,Urban,Good,10.7
R019,South,North,44,Mixed,Good,68.0
R020,West,East,11,Urban,Good,17.9
R021,Central,North,53,Mixed,Poor,87.4
R022,West,Central,19,Highway,Average,30.3
R023,South,East,19,Urban,Good,27.4
R024,Central,South,99,Highway,Average,167.3
R025,Central,West,22,Highway,Average,37.7
R026,South,East,16,Urban,Good,25.6
R027,North,East,24,Urban,Good,37.7
R028,Central,South,54,Highway,Good,75.7
R029,South,East,29,Mixed,Average,40.2
R030,East,North,45,Highway,Good,67.6
R031,West,Central,5,Urban,Poor,7.4
R032,Central,North,90,Highway,Good,160.1
R033,East,South,96,Urban,Good,163.5
R034,Central,West,10,Highway,Good,16.5
R035,North,West,88,Highway,Good,139.3
R036,South,Central,91,Highway,Average,129.7
R037,Central,North,12,Mixed,Poor,21.5
R038,South,Central,31,Highway,Good,47.1
R039,Central,West,42,Highway,Poor,58.7
R040,North,Central,67,Urban,Average,105.3
R041,North,South,23,Mixed,Good,40.1
R042,East,West,26,Mixed,Average,45.5
R043,North,South,75,Urban,Good,101.6
R044,South,West,62,Urban,Good,108.4
R045,North,South,28,Urban,Good,41.2
R046,Central,West,11,Mixed,Average,15.0
R047,North,East,22,Highway,Good,38.1
R048,South,Central,58,Urban,Average,100.8
R049,Central,West,38,Mixed,Average,61.5
R050,East,South,38,Urban,Good,61.1
R051,East,South,75,Mixed,Good,128.7
R052,East,West,24,Urban,Good,40.9
R053,Central,East,3,Urban,Good,5.3
R054,East,West,71,Urban,Good,113.5
R055,North,West,75,Urban,Good,133.9
R056,Central,East,39,Highway,Good,70.1
R057,Central,West,85,Highway,Good,119.2
R058,Central,South,74,Urban,Good,128.2
R059,West,East,98,Urban,Good,154.3
R060,South,West,15,Urban,Average,22.9
R061,West,Central,86,Highway,Poor,139.8
R062,West,South,45,Highway,Good,61.9
R063,West,North,39,Urban,Good,61.5
R064,South,North,96,Highway,Good,167.2
R065,West,South,76,Urban,Good,109.9
R066,East,West,97,Mixed,Good,149.6
R067,Central,West,27,Mixed,Average,47.9
R068,Central,West,95,Highway,Poor,146.6
R069,North,West,90,Mixed,Good,136.0
R070,East,West,23,Mixed,Average,35.6
R071,South,East,43,Mixed,Good,68.1
R072,Central,East,75,Highway,Good,122.6
R073,West,Central,44,Urban,Good,75.3
R074,North,South,44,Urban,Good,68.4
R075,North,West,4,Urban,Good,6.9
R076,Central,East,70,Highway,Good,111.3
R077,East,North,10,Urban,Good,15.0
R078,North,West,98,Urban,Good,161.3
R079,Central,West,63,Urban,Average,105.4
R080,East,West,16,Urban,Poor,25.6
R081,Central,West,79,Highway,Good,108.7
R082,Central,East,23,Mixed,Good,32.8
R083,East,West,26,Highway,Good,38.4
R084,East,South,52,Highway,Average,76.8
R085,East,South,84,Highway,Good,138.9
R086,Central,West,47,Urban,Good,63.8
R087,North,West,66,Urban,Good,111.5
R088,South,West,66,Mixed,Good,97.0
R089,South,West,28,Urban,Good,41.7
R090,Central,East,34,Urban,Poor,54.0
R091,Central,North,59,Mixed,Average,85.4
R092,North,South,55,Urban,Good,96.1
R093,East,South,35,Urban,Good,48.6
R094,Central,West,54,Urban,Good,83.7
R095,West,Central,97,Urban,Good,168.0
R096,East,West,20,Urban,Average,32.5
R097,Central,South,37,Urban,Good,54.8
R098,West,South,14,Highway,Good,21.6
R099,North,South,53,Mixed,Good,88.4
R100,West,North,91,Urban,Average,162.7
