vehicle_id,vehicle_type,max_load_kg,fuel_type,vehicle_status,vehicle_age_years,last_maintenance_date
V001,Cargo Car,800,Diesel,Active,1,2026-04-02
V002,Large Truck,2000,Petrol,Active,2,2026-01-14
V003,Cargo Car,800,Diesel,Retired,3,2026-03-02
V004,Cargo Car,800,Diesel,Active,2,2025-11-17
V005,Small Van,500,Petrol,Active,5,2026-06-24
V006,Small Van,500,Petrol,Active,4,2023-04-03
V007,Electric Van,300,Electric,Active,1,2025-09-18
V008,Medium Truck,1200,Diesel,Active,7,2024-10-06
V009,Cargo Car,800,Diesel,Active,7,2022-08-02
V010,Cargo Car,800,Diesel,Active,4,2026-05-13
V011,Electric Van,300,Electric,Maintenance,2,2026-05-19
V012,Large Truck,2000,Petrol,Retired,9,2025-04-02
V013,Medium Truck,1200,Diesel,Active,12,2025-08-06
V014,Small Van,500,Petrol,Active,1,2025-10-19
V015,Small Van,500,Petrol,Active,7,2025-03-26
V016,Small Van,500,Petrol,Active,6,2025-05-07
V017,Small Van,500,Petrol,Active,8,2021-03-04
V018,Cargo Car,800,Diesel,Active,5,2024-09-16
V019,Cargo Car,800,Diesel,Active,4,2024-07-16
V020,Small Van,500,Petrol,Maintenance,2,2025-06-15
V021,Cargo Car,800,Diesel,Active,6,2024-09-11
V022,Electric Van,300,Electric,Maintenance,5,2022-08-05
V023,Small Van,500,Petrol,Active,3,2026-06-04
V024,Cargo Car,800,Diesel,Active,1,2026-04-03
V025,Cargo Car,800,Diesel,Active,9,2018-01-03
V026,Medium Truck,1200,Diesel,Active,12,2021-01-15
V027,Small Van,500,Petrol,Active,6,2026-07-06
V028,Cargo Car,800,Diesel,Active,3,2024-10-10
V029,Cargo Car,800,Diesel,Active,4,2024-09-08
V030,Electric Van,300,Electric,Active,3,2025-06-03
V031,Cargo Car,800,Diesel,Active,4,2024-03-28
V032,Small Van,500,Petrol,Active,3,2025-04-25
V033,Electric Van,300,Electric,Active,1,2025-11-11
V034,Large Truck,2000,Petrol,Active,4,2026-07-23
V035,Large Truck,2000,Petrol,Retired,4,2022-11-23
V036,Medium Truck,1200,Diesel,Active,5,2026-05-23
V037,Small Van,500,Petrol,Active,8,2022-05-04
V038,Electric Van,300,Electric,Active,3,2026-03-25
V039,Cargo Car,800,Diesel,Active,9,2025-12-19
V040,Cargo Car,800,Diesel,Active,1,2026-03-17
V041,Electric Van,300,Electric,Active,1,2026-04-30
V042,Cargo Car,800,Diesel,Retired,8,2024-07-16
V043,Electric Van,300,Electric,Maintenance,0,2026-08-25
V044,Large Truck,2000,Petrol,Maintenance,12,2015-10-20
V045,Small Van,500,Petrol,Active,4,2023-01-04
V046,Cargo Car,800,Diesel,Active,9,2025-12-01
V047,Small Van,500,Petrol,Active,1,2026-07-03
V048,Cargo Car,800,Diesel,Active,2,2026-01-02
V049,Cargo Car,800,Diesel,Active,7,2025-08-02
V050,Small Van,500,Petrol,Maintenance,7,2024-07-24
V051,Large Truck,2000,Petrol,Active,15,2021-08-03
V052,Medium Truck,1200,Diesel,Retired,11,2019-12-12
V053,Large Truck,2000,Petrol,Active,4,2024-12-10
V054,Medium Truck,1200,Diesel,Maintenance,8,2018-12-11
V055,Cargo Car,800,Diesel,Active,10,2017-05-30
V056,Large Truck,2000,Petrol,Active,10,2018-07-12
V057,Electric Van,300,Electric,Active,3,2024-04-25
V058,Small Van,500,Petrol,Active,4,2025-01-25
V059,Electric Van,300,Electric,Active,0,2026-08-25
V060,Small Van,500,Petrol,Retired,2,2026-06-12
V061,Cargo Car,800,Diesel,Maintenance,1,2026-05-15
V062,Small Van,500,Petrol,Active,8,2024-07-23
V063,Medium Truck,1200,Diesel,Active,6,2023-01-04
V064,Cargo Car,800,Diesel,Active,5,2026-05-20
V065,Small Van,500,Petrol,Maintenance,8,2018-11-10
V066,Cargo Car,800,Diesel,Active,7,2022-12-06
V067,Electric Van,300,Electric,Active,0,2026-08-25
V068,Medium Truck,1200,Diesel,Active,10,2018-09-10
V069,Electric Van,300,Electric,Active,2,2025-06-17
V070,Large Truck,2000,Petrol,Active,4,2025-06-05
V071,Medium Truck,1200,Diesel,Active,4,2023-01-02
V072,Small Van,500,Petrol,Retired,4,2025-12-20
V073,Electric Van,300,Electric,Active,5,2026-03-13
V074,Medium Truck,1200,Diesel,Active,9,2018-05-08
V075,Cargo Car,800,Diesel,Active,1,2025-09-25
V076,Cargo Car,800,Diesel,Active,8,2023-11-10
V077,Medium Truck,1200,Diesel,Retired,5,2025-03-02
V078,Electric Van,300,Electric,Active,2,2026-05-12
V079,Cargo Car,800,Diesel,Active,1,2026-07-06
V080,Electric Van,300,Electric,Active,3,2026-06-06
V081,Medium Truck,1200,Diesel,Active,7,2020-09-05
V082,Cargo Car,800,Diesel,Maintenance,8,2024-06-20
V083,Small Van,500,Petrol,Active,4,2024-03-09
V084,Electric Van,300,Electric,Active,5,2026-04-10
V085,Small Van,500,Petrol,Active,3,2026-02-23
V086,Small Van,500,Petrol,Active,8,2022-12-11
V087,Cargo Car,800,Diesel,Active,9,2018-11-23
V088,Cargo Car,800,Diesel,Active,3,2023-12-16
V089,Medium Truck,1200,Diesel,Active,10,2026-06-18
V090,Cargo Car,800,Diesel,Active,2,2025-02-26
V091,Electric Van,300,Electric,Retired,5,2021-09-23
V092,Cargo Car,800,Diesel,Active,2,2026-07-04
V093,Medium Truck,1200,Diesel,Active,3,2026-02-02
V094,Cargo Car,800,Diesel,Maintenance,6,2020-09-12
V095,Medium Truck,1200,Diesel,Maintenance,4,2026-07-14
V096,Cargo Car,800,Diesel,Active,9,2021-06-06
V097,Cargo Car,800,Diesel,Active,4,2026-05-07
V098,Cargo Car,800,Diesel,Active,1,2025-12-20
V099,Electric Van,300,Electric,Active,3,2024-04-30
V100,Electric Van,300,Electric,Retired,0,2026-08-25
V101,Electric Van,300,Electric,Retired,5,2026-05-23
V102,Cargo Car,800,Diesel,Active,5,2022-10-28
V103,Small Van,500,Petrol,Active,8,2021-05-08
V104,Cargo Car,800,Diesel,Retired,4,2024-03-09
V105,Large Truck,2000,Petrol,Active,9,2025-08-31
V106,Small Van,500,Petrol,Active,8,2021-12-10
V107,Cargo Car,800,Diesel,Active,8,2025-11-18
V108,Medium Truck,1200,Diesel,Active,8,2021-06-25
V109,Small Van,500,Petrol,Retired,3,2024-10-28
V110,Electric Van,300,Electric,Retired,0,2026-08-25
V111,Small Van,500,Petrol,Maintenance,8,2026-05-25
V112,Small Van,500,Petrol,Active,1,2026-03-19
V113,Large Truck,2000,Petrol,Maintenance,13,2021-04-04
V114,Medium Truck,1200,Diesel,Active,12,2015-04-09
V115,Cargo Car,800,Diesel,Active,3,2024-11-30
V116,Medium Truck,1200,Diesel,Active,7,2023-11-01
V117,Medium Truck,1200,Diesel,Maintenance,8,2022-07-28
V118,Small Van,500,Petrol,Maintenance,6,2024-12-30
V119,Medium Truck,1200,Diesel,Active,7,2024-10-13
V120,Cargo Car,800,Diesel,Maintenance,6,2022-09-27
V121,Medium Truck,1200,Diesel,Active,4,2024-05-10
V122,Medium Truck,1200,Diesel,Active,7,2020-05-28
V123,Small Van,500,Petrol,Active,8,2025-03-20
V124,Electric Van,300,Electric,Active,2,2025-09-14
V125,Small Van,500,Petrol,Active,3,2023-09-21
V126,Cargo Car,800,Diesel,Active,2,2025-02-26
V127,Medium Truck,1200,Diesel,Active,6,2021-04-05
V128,Medium Truck,1200,Diesel,Active,2,2026-06-09
V129,Electric Van,300,Electric,Active,3,2024-06-23
V130,Cargo Car,800,Diesel,Active,1,2025-12-20
V131,Cargo Car,800,Diesel,Active,5,2026-07-10
V132,Small Van,500,Petrol,Active,4,2023-07-08
V133,Electric Van,300,Electric,Active,4,2026-01-24
V134,Small Van,500,Petrol,Active,8,2020-05-22
V135,Large Truck,2000,Petrol,Active,4,2023-09-11
V136,Small Van,500,Petrol,Active,4,2025-09-10
V137,Cargo Car,800,Diesel,Retired,3,2026-05-11
V138,Cargo Car,800,Diesel,Active,1,2025-10-11
V139,Cargo Car,800,Diesel,Active,1,2026-07-09
V140,Large Truck,2000,Petrol,Retired,13,2016-09-02
V141,Large Truck,2000,Petrol,Active,13,2014-07-07
V142,Small Van,500,Petrol,Active,6,2023-10-11
V143,Cargo Car,800,Diesel,Active,5,2024-06-13
V144,Small Van,500,Petrol,Active,6,2023-02-22
V145,Small Van,500,Petrol,Maintenance,3,2026-08-18
V146,Electric Van,300,Electric,Active,3,2024-12-09
V147,Cargo Car,800,Diesel,Active,9,2021-06-22
V148,Cargo Car,800,Diesel,Active,5,2023-02-26
V149,Electric Van,300,Electric,Maintenance,4,2024-09-06
V150,Small Van,500,Petrol,Active,1,2025-10-27
